Title,Date,URL
ExxonMobil Empowers Future Women Engineers,28/10/2025,https://tvwan.com.pg/news/6615
Rabaul boasts new infrastructure,26/10/2025,https://tvwan.com.pg/news/6588
LDC Taps Local Expertise for Asset Valuation,25/10/2025,https://tvwan.com.pg/news/6583
BSP Supports 44th PILON Meet,25/10/2025,https://tvwan.com.pg/news/6581
Malahang Industrial Centre upgraded,24/10/2025,https://tvwan.com.pg/news/6572
Steamships appoints Allan Heyns as Property Division CEO,22/10/2025,https://tvwan.com.pg/news/6546
Digital Future Transforms Agriculture,22/10/2025,https://tvwan.com.pg/news/6539
Able Home and Office launches new products with ZKTeco,21/10/2025,https://tvwan.com.pg/news/6520
BSP goes rural – hundreds walk home with new accounts,18/10/2025,https://tvwan.com.pg/news/6489
Pacific Nations Called to Own Tuna Value Chain,18/10/2025,https://tvwan.com.pg/news/6488
K92 commissions stage three expansion plant,17/10/2025,https://tvwan.com.pg/news/6478
Ok Tedi & NEA sign LTW MoA,17/10/2025,https://tvwan.com.pg/news/6473
Historic move into commercial fisheries,16/10/2025,https://tvwan.com.pg/news/6464
Ilakini Reveals IUU Measures,16/10/2025,https://tvwan.com.pg/news/6462
9th Pacific Tuna Forum 2025 underway,14/10/2025,https://tvwan.com.pg/news/6435
Efforts to make Lae public spaces safe,13/10/2025,https://tvwan.com.pg/news/6418
Westpac Boosts Savings Interest Rate,12/10/2025,https://tvwan.com.pg/news/6410
Wutung Boarder Fair Spurs Growth,12/10/2025,https://tvwan.com.pg/news/6406
DIGICEL PNG ENGAGES COMMUNITIES AND INDUSTRY AT 2025 PETROLEUM AND ENERGY CONFERENCE,10/10/2025,https://tvwan.com.pg/news/6385
JS Coffee Exports 10 Tons,10/10/2025,https://tvwan.com.pg/news/6384
DIGICEL PNG WELCOMES PRIME MINISTER'S XIII TEAM – CELEBRATING RUGBY LEAGUE AS THE HEART OF COMMUNITY...,10/10/2025,https://tvwan.com.pg/news/6382
Agreement established for Madang’s coconut processing plant,10/10/2025,https://tvwan.com.pg/news/6379
Energy sector called to harness energy technology,09/10/2025,https://tvwan.com.pg/news/6377
"DIGICEL PNG – PLATINUM SPONSOR DRIVING INNOVATION, EDUCATION, AND COMMUNITY ENGAGEMENT AT NICTA NEXT...",09/10/2025,https://tvwan.com.pg/news/6374
Duma updates conference about PPL partial privatization,09/10/2025,https://tvwan.com.pg/news/6372
K92 Mine’s First Gold Pour Expected in Q4,09/10/2025,https://tvwan.com.pg/news/6371
Sea Cucumber Season to Open,09/10/2025,https://tvwan.com.pg/news/6370
Petroleum & Energy leaders meet for two-day conference,09/10/2025,https://tvwan.com.pg/news/6368
Ok Tedi completes project to manage mine water,09/10/2025,https://tvwan.com.pg/news/6363
KPHL & KMHL heads unite to drive the “Reset PNG” Vision,07/10/2025,https://tvwan.com.pg/news/6343
Sri Lankan firm keen to invest in Madang’s coconut industry,07/10/2025,https://tvwan.com.pg/news/6340
JAS UK Holdings acquire Pentagon Holdings,06/10/2025,https://tvwan.com.pg/news/6326
Taylor Pacific inks deal with Central farmers,06/10/2025,https://tvwan.com.pg/news/6325
Nambawan Super opens Madang branch for better service,03/10/2025,https://tvwan.com.pg/news/6286
NCSL Celebrates 22 Years,02/10/2025,https://tvwan.com.pg/news/6274
Queen Emma Boosts Cocoa Farmers through FAO-EU Partnership,02/10/2025,https://tvwan.com.pg/news/6273
New factory to benefit coffee farmers,02/10/2025,https://tvwan.com.pg/news/6269
Violet Bukon Wins 2025 WOWA Entrepreneur Award,01/10/2025,https://tvwan.com.pg/news/6260
MRDC updates PNG LNG landowners on status of benefit payments,01/10/2025,https://tvwan.com.pg/news/6255
PNG losing K1.5b annually in alluvial mining,29/09/2025,https://tvwan.com.pg/news/6228
Homestate ventures into coffee exports,29/09/2025,https://tvwan.com.pg/news/6219
New cocoa initiative,29/09/2025,https://tvwan.com.pg/news/6216
BSP Commits 100K to Tuna Forum,25/09/2025,https://tvwan.com.pg/news/6182
"Grow poultry industry, says Maru",25/09/2025,https://tvwan.com.pg/news/6179
"BSP, CTSL partner to simplify member access",25/09/2025,https://tvwan.com.pg/news/6178
Nasfund Warns Against Scams,25/09/2025,https://tvwan.com.pg/news/6175
Papua LNG Permit Approved,24/09/2025,https://tvwan.com.pg/news/6168
"Real Stories, Real Impact: Lending Made Easy at NCSL",24/09/2025,https://tvwan.com.pg/news/6163
Digicel PNG announces One Nation Connected Campaign,23/09/2025,https://tvwan.com.pg/news/6154
Ok Tedi proud to support infrastructure delivery to the Min people,20/09/2025,https://tvwan.com.pg/news/6117
Lae chamber sounds warning on scammers,19/09/2025,https://tvwan.com.pg/news/6103
Districts to be allocated market space,18/09/2025,https://tvwan.com.pg/news/6093
Digicel Foundation launches 50 Computer Labs,16/09/2025,https://tvwan.com.pg/news/6074
BSP launch “50for50” initiative,13/09/2025,https://tvwan.com.pg/news/6036
ExxonMobil donates to Gerehu hospital,11/09/2025,https://tvwan.com.pg/news/6018
BPNG stresses importance of microfinance,11/09/2025,https://tvwan.com.pg/news/6017
321 lotto opens branch,10/09/2025,https://tvwan.com.pg/news/6003
Kina Bank Introduces new method of payment,10/09/2025,https://tvwan.com.pg/news/6000
Ian Kemish appointed to board of Digicel Pacific,10/09/2025,https://tvwan.com.pg/news/5996
BSP aware of NEC decision to transfer government accounts,10/09/2025,https://tvwan.com.pg/news/5995
EMPNG Celebrates Excellence at PPA Awards,09/09/2025,https://tvwan.com.pg/news/5988
BSP Redefines Banking Experience,09/09/2025,https://tvwan.com.pg/news/5980
Coca Cola supports Goroka Show,09/09/2025,https://tvwan.com.pg/news/5978
Palm Oil Policy launched,09/09/2025,https://tvwan.com.pg/news/5971
OPIC launch Palm Oil Policy,08/09/2025,https://tvwan.com.pg/news/5969
Morobe to impose liquor ban,08/09/2025,https://tvwan.com.pg/news/5958
New sponsor for Morobe Show Queen,05/09/2025,https://tvwan.com.pg/news/5938
Trukai Industries backs Morobe Show,04/09/2025,https://tvwan.com.pg/news/5924
"Digicel PNG Celebrates Long-Serving Staff for their Years of Dedication, Engagement and Loyalty",03/09/2025,https://tvwan.com.pg/news/5909
NAC share Airport City Masterplans with Chinese investors,02/09/2025,https://tvwan.com.pg/news/5890
Crucial role of career fairs,02/09/2025,https://tvwan.com.pg/news/5887
ENB students financially empowered,02/09/2025,https://tvwan.com.pg/news/5880
Muschu Coconut Oil Relaunched,30/08/2025,https://tvwan.com.pg/news/5844
Sparx Footwear Launches in PNG,30/08/2025,https://tvwan.com.pg/news/5839
BSP Backs Finance Future,28/08/2025,https://tvwan.com.pg/news/5818
PNG pushes for inclusive energy future,28/08/2025,https://tvwan.com.pg/news/5817
NBC launches Visa Debit Card,23/08/2025,https://tvwan.com.pg/news/5747
Unity and good business management,21/08/2025,https://tvwan.com.pg/news/5740
BSP Staff Mark Service Milestone,21/08/2025,https://tvwan.com.pg/news/5737
Ilimbit lauds Milum Aviation,21/08/2025,https://tvwan.com.pg/news/5736
Landowner Airline Marks New Era of Growth,21/08/2025,https://tvwan.com.pg/news/5729
PNG Cocoa Industry Goes Digital,20/08/2025,https://tvwan.com.pg/news/5710
Engagement of Lae youths in casual jobs helping to drive positive change,15/08/2025,https://tvwan.com.pg/news/5663
Ok Tedi delivers K1.8 billion half-year net profit,14/08/2025,https://tvwan.com.pg/news/5647
"Nasfund, BSP Simplify Member Access",08/08/2025,https://tvwan.com.pg/news/5571
TISA Bank Expands Financial Reach to ENB,07/08/2025,https://tvwan.com.pg/news/5558
BSP Recognised for advancing inclusion,05/08/2025,https://tvwan.com.pg/news/5520
Trends Beauty Celebrates 35 Years,03/08/2025,https://tvwan.com.pg/news/5497
Celebrating 40-year mineral supply,02/08/2025,https://tvwan.com.pg/news/5495
PNG Unveils Major Energy Reforms,02/08/2025,https://tvwan.com.pg/news/5494
A New Dawn for Housing and Development,01/08/2025,https://tvwan.com.pg/news/5484
"Wafi-Golpu, Porgera on agenda",31/07/2025,https://tvwan.com.pg/news/5474
Law reform to let women to mine underground,31/07/2025,https://tvwan.com.pg/news/5470
DIGICEL FOUNDATION EMPOWERS STAFF TO LEAD NATIONAL CAMPAIGN FOR CHANGE THROUGH MEN OF HONOR PROGRAM,31/07/2025,https://tvwan.com.pg/news/5469
Madang welcomes shopping centre investment,30/07/2025,https://tvwan.com.pg/news/5445
Oilmin achieves 10 years of quality operations,30/07/2025,https://tvwan.com.pg/news/5440
Clamp down on illegal mining activities,29/07/2025,https://tvwan.com.pg/news/5435
Foreigners arrested for unauthorised alluvial mining,29/07/2025,https://tvwan.com.pg/news/5432
"PNG, China Ink Fisheries Deal",29/07/2025,https://tvwan.com.pg/news/5424
PNG launches seafood hub in China,29/07/2025,https://tvwan.com.pg/news/5423
PNG Resources Week 2025 commences,28/07/2025,https://tvwan.com.pg/news/5411
New PX Airbus to arrive in September,28/07/2025,https://tvwan.com.pg/news/5407
‘Future of gold’ to be discussed,25/07/2025,https://tvwan.com.pg/news/5378
Ok Tedi co-hosts inaugural PNG Mining Seminar in Tokypo,25/07/2025,https://tvwan.com.pg/news/5376
CEPA council visits K92 Mine,24/07/2025,https://tvwan.com.pg/news/5363
High cost of coffee production for local farmers,24/07/2025,https://tvwan.com.pg/news/5361
K1mil coffee support for Teptep,22/07/2025,https://tvwan.com.pg/news/5333
Robusta coffee projects recognized,21/07/2025,https://tvwan.com.pg/news/5325
NCSL branch to enhance member experience,21/07/2025,https://tvwan.com.pg/news/5322
K4 million for coffee freight support,21/07/2025,https://tvwan.com.pg/news/5319
Aopi appointed KPHL Board Chairman,21/07/2025,https://tvwan.com.pg/news/5317
Landowner firms to take centre stage,19/07/2025,https://tvwan.com.pg/news/5298
DoF expands digital payment options for government services,19/07/2025,https://tvwan.com.pg/news/5294
NBC’s New SME Roadshow Series Starts,19/07/2025,https://tvwan.com.pg/news/5293
Omuru coffee projects launched,16/07/2025,https://tvwan.com.pg/news/5248
PNG Resources exhibition draws record student attendance,16/07/2025,https://tvwan.com.pg/news/5241
NCSL & New Britain Palm Oil Sign MoU,16/07/2025,https://tvwan.com.pg/news/5240
Empowered with financial literacy,15/07/2025,https://tvwan.com.pg/news/5234
Women in Resources and Energy committee launched,15/07/2025,https://tvwan.com.pg/news/5230
PNG Resources exhibition hype activities,15/07/2025,https://tvwan.com.pg/news/5225
PNG’s reform commitment praised,14/07/2025,https://tvwan.com.pg/news/5213
PNG Golden Resources Exhibition Inspires Visiting Students,12/07/2025,https://tvwan.com.pg/news/5199
ICCC clears Misima acquisition,11/07/2025,https://tvwan.com.pg/news/5191
K92 Mining records progress,10/07/2025,https://tvwan.com.pg/news/5169
45th CATA commences in Port Moresby,08/07/2025,https://tvwan.com.pg/news/5145
MSMEs highlighted at International Day,08/07/2025,https://tvwan.com.pg/news/5142
IRC hosts CATA,08/07/2025,https://tvwan.com.pg/news/5130
DIGICEL PACIFIC BOARD MEETS WITH PAPUA NEW GUINEA PRIME MINISTER TO ADVANCE INCLUSIVE DEVELOPMENT GO...,08/07/2025,https://tvwan.com.pg/news/5128
IRC hosts CATA,08/07/2025,https://tvwan.com.pg/news/5127
TISA Bank Expands Footprint with New Branch,07/07/2025,https://tvwan.com.pg/news/5113
New Ireland allocates K10m to support business arm,06/07/2025,https://tvwan.com.pg/news/5109
KCH partners with PNGXGroup,06/07/2025,https://tvwan.com.pg/news/5108
PNG CORE Praises NPL’s First Quarter Success,04/07/2025,https://tvwan.com.pg/news/5095
"DIGICEL PACIFIC BOARD VISITS PAPUA NEW GUINEA, STRENGTHENING COMMITMENT TO PEOPLE-FIRST DEVELOPMENT",04/07/2025,https://tvwan.com.pg/news/5091
"NPL declares dividend, pays K199m in corporate tax",02/07/2025,https://tvwan.com.pg/news/5068
Air Niugini transports live-fish to Japan,02/07/2025,https://tvwan.com.pg/news/5064
Digicel PNG CEO congratulates TVWan,01/07/2025,https://tvwan.com.pg/news/5060
Seddon highlights Air Niugini’s transformation journey,01/07/2025,https://tvwan.com.pg/news/5050
Air Niugini completes A220 cabin crew training program in Zurich,01/07/2025,https://tvwan.com.pg/news/5049
Lae workers sent abroad,30/06/2025,https://tvwan.com.pg/news/5040
TIPNG announces 2026 Board of Directors,29/06/2025,https://tvwan.com.pg/news/5032
PNG set to transfer BCL shares to ABG,25/06/2025,https://tvwan.com.pg/news/4996
Sustainable practices vital for oil palm sector,23/06/2025,https://tvwan.com.pg/news/4966
Ahi firm marks 10 years of growth,21/06/2025,https://tvwan.com.pg/news/4935
Ok Tedi Launches RC Drilling,19/06/2025,https://tvwan.com.pg/news/4921
IMF releases K708 mil to PNG,17/06/2025,https://tvwan.com.pg/news/4898
Ruswin opens new Lae kiosk,16/06/2025,https://tvwan.com.pg/news/4889
"Biosecurity, pioneer industries under threat",16/06/2025,https://tvwan.com.pg/news/4887
CIC Honored at Nasfund's Highlands Employer Conference,11/06/2025,https://tvwan.com.pg/news/4820
Nasfund seeks temporary arrangement,10/06/2025,https://tvwan.com.pg/news/4808
PNG SEZ Policy set for launch,09/06/2025,https://tvwan.com.pg/news/4801
ENB govt backs lifeskills training program,09/06/2025,https://tvwan.com.pg/news/4790
"Digicel PNG Foundation Invests K129,000 in Staff-Led Community Projects for 2025",09/06/2025,https://tvwan.com.pg/news/4786
Greenpreneurs Initiative Launched,08/06/2025,https://tvwan.com.pg/news/4773
Puma Energy Reopens Madang Retail Site,07/06/2025,https://tvwan.com.pg/news/4770
Filipino firm eyes major investments in PNG,07/06/2025,https://tvwan.com.pg/news/4767
K92 Mine reports more high-grade discovery,07/06/2025,https://tvwan.com.pg/news/4766
TISA pays additional 7% bonus Interest,06/06/2025,https://tvwan.com.pg/news/4748
R&A MARINE SERVICES LTD (RAMS) AND DIGICEL CELLMONI COLLABORATE TO OFFER EASY AND CONVENIENT SOLUTIO...,05/06/2025,https://tvwan.com.pg/news/4739
Stop & Shop Celebrates 20 Years,05/06/2025,https://tvwan.com.pg/news/4729
NTC approve Steamship’s 3YTEP,04/06/2025,https://tvwan.com.pg/news/4727
CPL Group Adjusts Pricing as Government Drops GST on Essentials,04/06/2025,https://tvwan.com.pg/news/4723
Trukai Industries prioritises consumer relief,04/06/2025,https://tvwan.com.pg/news/4719
Kieseker is Remington Group CEO,04/06/2025,https://tvwan.com.pg/news/4717
Digicel Foundation awards K1.5 mil in Community Grants,02/06/2025,https://tvwan.com.pg/news/4698
JD Elevators PNG Launches New Era,02/06/2025,https://tvwan.com.pg/news/4694
Morobe coffee exported to Dubai,01/06/2025,https://tvwan.com.pg/news/4686
Share a Coke Returns Nationwide,31/05/2025,https://tvwan.com.pg/news/4666
Government Keen to Create Attractive Business Environment,29/05/2025,https://tvwan.com.pg/news/4654
BSP Leads Regional Currency Strategy,29/05/2025,https://tvwan.com.pg/news/4643
Kimbe Port Contract provides opportunities,28/05/2025,https://tvwan.com.pg/news/4637
Air Niugini’s A220 takes shape for take off,28/05/2025,https://tvwan.com.pg/news/4630
Gov’t plans to introduce ‘Green gold card’ for coffee farmers,26/05/2025,https://tvwan.com.pg/news/4607
Japanese Mining Company Express Interest to Invest in PNG,24/05/2025,https://tvwan.com.pg/news/4582
Kina Bank Unveils 40th Anniversary Logo,24/05/2025,https://tvwan.com.pg/news/4581
Minister Maru Impressed with the Efforts of the Team at the World Expo,24/05/2025,https://tvwan.com.pg/news/4580
Misima landowners oppose mine acquisition,23/05/2025,https://tvwan.com.pg/news/4576
Plastic bottle recycling in Lae launched,23/05/2025,https://tvwan.com.pg/news/4571
Local company diversifies operation,23/05/2025,https://tvwan.com.pg/news/4567
MRDC’s Cocoa project expands,22/05/2025,https://tvwan.com.pg/news/4560
Coffee seedlings distribution program launched,22/05/2025,https://tvwan.com.pg/news/4557
PNG Proposes Economic Partnership Deal,22/05/2025,https://tvwan.com.pg/news/4546
Morobe’s elementary school teachers upskilled,21/05/2025,https://tvwan.com.pg/news/4539
Brewing prosperity,21/05/2025,https://tvwan.com.pg/news/4537
Hatavile Coffee Ltd receives export license,20/05/2025,https://tvwan.com.pg/news/4529
Livestock policy review underway,20/05/2025,https://tvwan.com.pg/news/4513
BSP Port Moresby undergoes upgrades,20/05/2025,https://tvwan.com.pg/news/4512
NBC appoints Head of Retail Banking,19/05/2025,https://tvwan.com.pg/news/4509
Downstream processing of coconuts imminent,17/05/2025,https://tvwan.com.pg/news/4482
"New coffee storage, shed at Nunga",16/05/2025,https://tvwan.com.pg/news/4472
Upgraded water system planned for Rabaul,16/05/2025,https://tvwan.com.pg/news/4469
ENB launches ambitious cocoa initiative,14/05/2025,https://tvwan.com.pg/news/4437
Kamapim Wins Global Award,14/05/2025,https://tvwan.com.pg/news/4435
ENB aims to maintain copra title,12/05/2025,https://tvwan.com.pg/news/4390
Steamships appoints new group legal counsel,12/05/2025,https://tvwan.com.pg/news/4389
Digicel Cell Moni partners local firm to provide digital financial access,10/05/2025,https://tvwan.com.pg/news/4366
MRDC Outlines Plans to Reinvest in Western Province,08/05/2025,https://tvwan.com.pg/news/4339
BSP Flags US Tariff Risks on Pacific,08/05/2025,https://tvwan.com.pg/news/4338
Morobe launches key projects,08/05/2025,https://tvwan.com.pg/news/4334
ICCC announces May fuel prices,08/05/2025,https://tvwan.com.pg/news/4331
Austria Keen on Doing Business with PNG,07/05/2025,https://tvwan.com.pg/news/4326
BPNG appoints senior executive officers,07/05/2025,https://tvwan.com.pg/news/4319
Digicel PNG Foundation CEO steps down,07/05/2025,https://tvwan.com.pg/news/4317
K92 Completes Stage 3 Expansion,06/05/2025,https://tvwan.com.pg/news/4288
Cannery MOU to be signed this Friday,06/05/2025,https://tvwan.com.pg/news/4284
PNG Tuna Industry Targets Growth,05/05/2025,https://tvwan.com.pg/news/4277
ENB creates project implementation unit,02/05/2025,https://tvwan.com.pg/news/4234
Mackhenly Kaiok Named Kina Bank’s Chief of Staff,01/05/2025,https://tvwan.com.pg/news/4228
BSP Unveils Business Bank to empower SMEs,01/05/2025,https://tvwan.com.pg/news/4220
New megamall to be built in Hagen,29/04/2025,https://tvwan.com.pg/news/4186
Maru proposes downstream processing of wood products,28/04/2025,https://tvwan.com.pg/news/4171
Analysts say it's 'highly unlikely' Xi Jinping called Donald Trump over tariffs,27/04/2025,https://tvwan.com.pg/news/4165
Baiyer landowners encouraged to prepare for future gains,26/04/2025,https://tvwan.com.pg/news/4155
Father-daughter duo graduate,25/04/2025,https://tvwan.com.pg/news/4142
Eco Group Questions Fisheries Funds,24/04/2025,https://tvwan.com.pg/news/4133
Fisheries Infrastructure Boost,24/04/2025,https://tvwan.com.pg/news/4132
St Therese clinic boosts GBV Clinic Services,23/04/2025,https://tvwan.com.pg/news/4115
Better policies needed to support smallholder farmers,23/04/2025,https://tvwan.com.pg/news/4107
How NRL Entry Will Elevate PNG’s Tourism Potential,19/04/2025,https://tvwan.com.pg/news/4060
KMHL pays K54 million dividend,17/04/2025,https://tvwan.com.pg/news/4035
NRI on loan accessibility for entrepreneurs,17/04/2025,https://tvwan.com.pg/news/4034
Kina Announces Ian Clough As Board Chairman,17/04/2025,https://tvwan.com.pg/news/4031
New Chapter in Banking,16/04/2025,https://tvwan.com.pg/news/4009
The real challenge of rural agriculture,16/04/2025,https://tvwan.com.pg/news/4004
World Bank hails PNG’s macroeconomic recovery,16/04/2025,https://tvwan.com.pg/news/4003
Minister Maru Opens U.S Tariff Review Workshop,16/04/2025,https://tvwan.com.pg/news/4002
Celebrating PNG Tourism’s Golden Journey,14/04/2025,https://tvwan.com.pg/news/3975
Slight drop in price of fuel,12/04/2025,https://tvwan.com.pg/news/3962
Big Rooster receives government assistance,12/04/2025,https://tvwan.com.pg/news/3960
"China to increase tariffs on US goods to 125 per cent, up from 84 per cent",12/04/2025,https://tvwan.com.pg/news/3956
Nature inspires winning artists,10/04/2025,https://tvwan.com.pg/news/3939
IRC hosts session with Lae private sector,10/04/2025,https://tvwan.com.pg/news/3936
Thornton appointed CEO of National Banking Corporation,09/04/2025,https://tvwan.com.pg/news/3933
Investors welcome to partner in agriculture,08/04/2025,https://tvwan.com.pg/news/3911
MoneyMinded Empowers One Million Lives,08/04/2025,https://tvwan.com.pg/news/3906
Digicel PNG invests K20 million to upgrade 4G LTE network in Lae,04/04/2025,https://tvwan.com.pg/news/3863
Maru Discharges PNG Team to Osaka World Expo,02/04/2025,https://tvwan.com.pg/news/3840
Firm directed to pay ENB landowners,02/04/2025,https://tvwan.com.pg/news/3834
"CPL, Eliseo get K4million each in government assistance",31/03/2025,https://tvwan.com.pg/news/3817
Voices Unite for BSP’s Future,31/03/2025,https://tvwan.com.pg/news/3814
Paita plans to move mining dept to Lae,31/03/2025,https://tvwan.com.pg/news/3812
New mining minister visits mining township,31/03/2025,https://tvwan.com.pg/news/3811
BSP Launches New Brand Identity,31/03/2025,https://tvwan.com.pg/news/3809
CEO highlights Digicel's progress,28/03/2025,https://tvwan.com.pg/news/3786
Papua LNG Strengthens Partnership for Mangrove Rehabilitation,27/03/2025,https://tvwan.com.pg/news/3759
Preparations for Osaka World Expo Commended,25/03/2025,https://tvwan.com.pg/news/3740
Inaugural Green Finance Summit underway,25/03/2025,https://tvwan.com.pg/news/3736
Nambawan Super Announces 2024 Financial Results,24/03/2025,https://tvwan.com.pg/news/3723
Lae company takes lead in TB program,24/03/2025,https://tvwan.com.pg/news/3722
Work to reclaim Baiyer Cattle Ranch in progress,22/03/2025,https://tvwan.com.pg/news/3701
Chamber of resources releases new policies,21/03/2025,https://tvwan.com.pg/news/3697
Lae business breakfast hosted,20/03/2025,https://tvwan.com.pg/news/3682
Govt to support ENB oil palm farmers recover K38 million,19/03/2025,https://tvwan.com.pg/news/3660
PNG Fisheries Launches Digital Traceability,18/03/2025,https://tvwan.com.pg/news/3637
Maru confident to launch cannery in April,15/03/2025,https://tvwan.com.pg/news/3613
Farmers in 2nd phase rice farming,14/03/2025,https://tvwan.com.pg/news/3603
Pomio puts trust in Cocoa Budding training,14/03/2025,https://tvwan.com.pg/news/3593
ENB oil palm farmers suffer K38m loss,14/03/2025,https://tvwan.com.pg/news/3590
Simberi Leaders Strengthen Safety Culture,12/03/2025,https://tvwan.com.pg/news/3554
Cocoa attracts K1.2b in foreign exchange earnings,10/03/2025,https://tvwan.com.pg/news/3529
Ashurst strengthens Papua New Guinea presence,10/03/2025,https://tvwan.com.pg/news/3522
BSP warns against defamatory statements,10/03/2025,https://tvwan.com.pg/news/3520
FPDA highlights importance of fresh produce,10/03/2025,https://tvwan.com.pg/news/3519
FPDA strategises to develop fresh produce sector,10/03/2025,https://tvwan.com.pg/news/3516
Lucrative new markets on offer for PNG coffee,08/03/2025,https://tvwan.com.pg/news/3503
Women contributing to Kina Bank’s growth & success,07/03/2025,https://tvwan.com.pg/news/3497
PM Marape impressed with commodity portfolios performances,06/03/2025,https://tvwan.com.pg/news/3481
OPIC inks agreement with NEA for energy projects,06/03/2025,https://tvwan.com.pg/news/3475
CCEP PNG Welcomes 2025 Graduates,06/03/2025,https://tvwan.com.pg/news/3467
Air Niugini suspends Brisbane flights,06/03/2025,https://tvwan.com.pg/news/3466
Popondetta Bettlenut arrives,05/03/2025,https://tvwan.com.pg/news/3452
PNG gears up for Osaka World Expo 2025,04/03/2025,https://tvwan.com.pg/news/3443
Empowering women entrepreneurs,04/03/2025,https://tvwan.com.pg/news/3441
TISA Bank Enables Direct Salary Deposits,04/03/2025,https://tvwan.com.pg/news/3431
Cocoa chairman furious over allocation,03/03/2025,https://tvwan.com.pg/news/3405
Rosso commends plant reopening in Lae,28/02/2025,https://tvwan.com.pg/news/3371
Lihir installs new slope stability monitoring radars,27/02/2025,https://tvwan.com.pg/news/3355
Italian energy firm invited to explore investment opportunities,27/02/2025,https://tvwan.com.pg/news/3354
ENBPOL investigation completed,27/02/2025,https://tvwan.com.pg/news/3352
Mining Bill 2025 for final review,26/02/2025,https://tvwan.com.pg/news/3336
BSP Reports K1 Billion Profit,21/02/2025,https://tvwan.com.pg/news/3283
Coffee farmer calls for support,21/02/2025,https://tvwan.com.pg/news/3276
PM Marape welcomes CPOPC delegates,20/02/2025,https://tvwan.com.pg/news/3266
New tuna plan to strengthen sector,19/02/2025,https://tvwan.com.pg/news/3242
Firms to be liable for pavement damages,19/02/2025,https://tvwan.com.pg/news/3239
Malahang tuna processing plant to re-open,19/02/2025,https://tvwan.com.pg/news/3237
Maneke welcomes CPOPC delegates to PNG,18/02/2025,https://tvwan.com.pg/news/3233
Vanuatu Ferry PNG Investment,18/02/2025,https://tvwan.com.pg/news/3232
ENBPG endorses 2025 budget,17/02/2025,https://tvwan.com.pg/news/3213
Kabiufa reopens coffee factory,16/02/2025,https://tvwan.com.pg/news/3206
"MVF project, a success in PNG",16/02/2025,https://tvwan.com.pg/news/3204
Kutubu LOs in a Deadlock Over Ministerial Determination,15/02/2025,https://tvwan.com.pg/news/3202
Mahogany Finance Accelerates Vehicle Ownership,14/02/2025,https://tvwan.com.pg/news/3188
Kina Bank Opens Popondetta Office,13/02/2025,https://tvwan.com.pg/news/3178
Rigo farmers trained to plant rice,13/02/2025,https://tvwan.com.pg/news/3174
PNG Anticipates Strong Year for Agriculture Exporters,07/02/2025,https://tvwan.com.pg/news/3107
"Kina Bank commits to financial inclusion, economic growth",07/02/2025,https://tvwan.com.pg/news/3106
"GoPNG, private sector increase collaboration",07/02/2025,https://tvwan.com.pg/news/3101
Farmer exchange on vanilla,07/02/2025,https://tvwan.com.pg/news/3092
Coca-Cola to roll out new products,06/02/2025,https://tvwan.com.pg/news/3086
CPL expand promoting SME,06/02/2025,https://tvwan.com.pg/news/3077
Mining Industry Prepares Future Workforce,05/02/2025,https://tvwan.com.pg/news/3068
Hotels achieve global security certification,03/02/2025,https://tvwan.com.pg/news/3048
Cocoa farmers in EHP enhance farming skills,31/01/2025,https://tvwan.com.pg/news/3017
CreditBank PNG supports TIPNG,30/01/2025,https://tvwan.com.pg/news/3009
OTDF Empowers Over 500 Future Leaders,30/01/2025,https://tvwan.com.pg/news/3003
PM Marape meets TotalEnergies executives,30/01/2025,https://tvwan.com.pg/news/3002
Water cress farming using traditional irrigation method,29/01/2025,https://tvwan.com.pg/news/2999
K92 Mining forecasts significant production growth in 2025,29/01/2025,https://tvwan.com.pg/news/2997
Central Cement and Lime Project to Fuel Growth,28/01/2025,https://tvwan.com.pg/news/2989
Jack’s of PNG Opens Store at Waterfront Mall,28/01/2025,https://tvwan.com.pg/news/2986
OTML Exceeds Targets,27/01/2025,https://tvwan.com.pg/news/2980
Local Business Expands Its Reach,25/01/2025,https://tvwan.com.pg/news/2969
Westpac resumes online webinars,24/01/2025,https://tvwan.com.pg/news/2966
OTML Reports Strong 2024 Performance,22/01/2025,https://tvwan.com.pg/news/2933
Industrial hub plagued by power woes,20/01/2025,https://tvwan.com.pg/news/2896
BSP introduces first deposit-enabled machine,17/01/2025,https://tvwan.com.pg/news/2873
KPPA takes legal action to repossess business arm,15/01/2025,https://tvwan.com.pg/news/2853
Energy giants working together to deliver Papua LNG project,14/01/2025,https://tvwan.com.pg/news/2846
PM Marape farewells ExxonMobil’s boss,14/01/2025,https://tvwan.com.pg/news/2845
OTML Installs New Overhead Crane,14/01/2025,https://tvwan.com.pg/news/2837
K92 Mine Achieves Record Results,13/01/2025,https://tvwan.com.pg/news/2832
CPL’s Resilience through Adversity,11/01/2025,https://tvwan.com.pg/news/2813
OTML Upgrades Facility,06/01/2025,https://tvwan.com.pg/news/2772
PNG secures milestone membership,05/01/2025,https://tvwan.com.pg/news/2760
OTML continues investment in human resource,04/01/2025,https://tvwan.com.pg/news/2751
OTML takes on industrial trainees,03/01/2025,https://tvwan.com.pg/news/2742
Mine extension review progressing,02/01/2025,https://tvwan.com.pg/news/2726
PNG joins Palm Oil Council,31/12/2024,https://tvwan.com.pg/news/2712
Former staff reportedly damages mining equipment,30/12/2024,https://tvwan.com.pg/news/2708
Trade Testing Centre launched in Lae,24/12/2024,https://tvwan.com.pg/news/2664
Breeding essential for Wariman Abattoir,24/12/2024,https://tvwan.com.pg/news/2661
MRDC’s investment portfolio swells to K12 billion,21/12/2024,https://tvwan.com.pg/news/2641
Fisheries revenue support to PNG budget,20/12/2024,https://tvwan.com.pg/news/2635
KPHL starts work to secure PNG’s energy future,20/12/2024,https://tvwan.com.pg/news/2629
Pasca Gas Agreement Signed,20/12/2024,https://tvwan.com.pg/news/2626
Wariman station reopened,20/12/2024,https://tvwan.com.pg/news/2625
KPHL pays K150 Million dividend to state,19/12/2024,https://tvwan.com.pg/news/2618
MRDC leads strategic partnership,19/12/2024,https://tvwan.com.pg/news/2616
New SME initiatives for Rabaul launched,19/12/2024,https://tvwan.com.pg/news/2611
Morobe liquor board needs funding: Chairman,18/12/2024,https://tvwan.com.pg/news/2609
"Bougainville open for business, investors told",18/12/2024,https://tvwan.com.pg/news/2603
Kina announce Ivan Vidovich as Acting CEO,16/12/2024,https://tvwan.com.pg/news/2588
Largest share in history of PNG resource projects,16/12/2024,https://tvwan.com.pg/news/2585
Security efforts highlighted in Sydney,16/12/2024,https://tvwan.com.pg/news/2581
Boito acknowledges Incentive Fund’s assistance,16/12/2024,https://tvwan.com.pg/news/2578
International acclaim for Santos Foundation program,16/12/2024,https://tvwan.com.pg/news/2576
NBC granted banking license,15/12/2024,https://tvwan.com.pg/news/2570
FPDA Training Center Opened,13/12/2024,https://tvwan.com.pg/news/2555
Santos outlines improvement of in asset reliability,13/12/2024,https://tvwan.com.pg/news/2554
FPDA to open vital facilities in EHP,13/12/2024,https://tvwan.com.pg/news/2550
Growing young minds,12/12/2024,https://tvwan.com.pg/news/2543
POMCCI-Deloitte 2025 budget analysis,12/12/2024,https://tvwan.com.pg/news/2540
"Meta outage for Facebook, Instagram, Messenger and WhatsApp impacting users worldwide",12/12/2024,https://tvwan.com.pg/news/2534
Kina Bank staff graduate from Leadership Development Program,11/12/2024,https://tvwan.com.pg/news/2531
PPL to be partially privatised,11/12/2024,https://tvwan.com.pg/news/2529
TotalEnergies Updates from Sydney Investment Week,10/12/2024,https://tvwan.com.pg/news/2522
Pasca A project progresses,10/12/2024,https://tvwan.com.pg/news/2520
Career Networking & Recognition,10/12/2024,https://tvwan.com.pg/news/2516
Milestones in PNG’s business sector outlined,10/12/2024,https://tvwan.com.pg/news/2513
Mining amendment needed,10/12/2024,https://tvwan.com.pg/news/2511
Newmont defends tax payment,09/12/2024,https://tvwan.com.pg/news/2508
"Electrification commitment needed, stresses NEA",09/12/2024,https://tvwan.com.pg/news/2507
"PNG is friends to all, PM tells investors",09/12/2024,https://tvwan.com.pg/news/2502
PNG Investment Week sessions begin,08/12/2024,https://tvwan.com.pg/news/2497
Negotiations on Wafi-Golpu and Pasca Projects at advanced stage,07/12/2024,https://tvwan.com.pg/news/2489
Fourth Pepsi “Thirsty for Merch” draw held,06/12/2024,https://tvwan.com.pg/news/2485
BSP Renews Partnership with BbP,04/12/2024,https://tvwan.com.pg/news/2460
New Excise Regime for Electronic Cigarette Products,03/12/2024,https://tvwan.com.pg/news/2449
TISA Bank backs Sydney event,29/11/2024,https://tvwan.com.pg/news/2411
NAC to reintroduce pay parking,29/11/2024,https://tvwan.com.pg/news/2407
Probe into ENBPOL oil palm dealings underway,28/11/2024,https://tvwan.com.pg/news/2392
OTML engages in conference,26/11/2024,https://tvwan.com.pg/news/2381
LDC to import live cattle,26/11/2024,https://tvwan.com.pg/news/2373
Busu hydropower project progressed,26/11/2024,https://tvwan.com.pg/news/2372
Insect threatens coffee industry,26/11/2024,https://tvwan.com.pg/news/2363
Packaged Pomio rice on display,26/11/2024,https://tvwan.com.pg/news/2360
Kina Bank Joins Inclusive Green Finance Initiative,23/11/2024,https://tvwan.com.pg/news/2345
Oil Palm Policy needed to regulate sector,21/11/2024,https://tvwan.com.pg/news/2317
Innovation PNG 2025 set,21/11/2024,https://tvwan.com.pg/news/2315
Wau-Waria queries royalty payment,21/11/2024,https://tvwan.com.pg/news/2312
ENB economic sector challenged,20/11/2024,https://tvwan.com.pg/news/2306
PNG regulators’ forum to start Sydney event,20/11/2024,https://tvwan.com.pg/news/2302
PNG Investment Week anticipates record attendance,20/11/2024,https://tvwan.com.pg/news/2300
BSP opens branch in Telefomin,20/11/2024,https://tvwan.com.pg/news/2297
US business delegation in PNG to explore business opportunities,20/11/2024,https://tvwan.com.pg/news/2295
Investigations into ENBPOL for unfair pricing commences,19/11/2024,https://tvwan.com.pg/news/2288
PPL-MiBank partnership wins world financial award,19/11/2024,https://tvwan.com.pg/news/2284
Scholarships empower in-country recipients,19/11/2024,https://tvwan.com.pg/news/2279
OTML declares K250mil in final dividend,18/11/2024,https://tvwan.com.pg/news/2273
Kina opens digital hub in Rangeview Plaza,14/11/2024,https://tvwan.com.pg/news/2225
Wariman Abattoir final stages,14/11/2024,https://tvwan.com.pg/news/2221
Storage space for Kokopo market vendors,13/11/2024,https://tvwan.com.pg/news/2219
A cattle farmer’s harsh reality,13/11/2024,https://tvwan.com.pg/news/2215
Tourism plan for DOY LLG,08/11/2024,https://tvwan.com.pg/news/2168
Pepsi Promotion Continues with Second Draw Event,08/11/2024,https://tvwan.com.pg/news/2165
Westpac delivers inaugural webinar,05/11/2024,https://tvwan.com.pg/news/2120
Undialu Presses Government on Kroton Equity and Santos Pricing,05/11/2024,https://tvwan.com.pg/news/2117
KPHL finalizes transaction to acquire extra PNG LNG shares,05/11/2024,https://tvwan.com.pg/news/2115
Cocoa hub set for Kikori,04/11/2024,https://tvwan.com.pg/news/2107
Female heads Transaction Banking at ANZ,03/11/2024,https://tvwan.com.pg/news/2100
VWDA Hosts Year-End Market Day,03/11/2024,https://tvwan.com.pg/news/2090
MP Leonard pushes for cocoa,31/10/2024,https://tvwan.com.pg/news/2067
ANZ delivers financial literacy training,31/10/2024,https://tvwan.com.pg/news/2064
KMHL pays K100m dividend,31/10/2024,https://tvwan.com.pg/news/2061
EVE Breakfast with a CEO,31/10/2024,https://tvwan.com.pg/news/2060
Samoans honour BSP Group chairman,29/10/2024,https://tvwan.com.pg/news/2037
Megiu Agro Tops Cocoa Show,29/10/2024,https://tvwan.com.pg/news/2029
"Pepsi's ""Thirsty for Merch"" National Promotion Kicks Off First Draw",25/10/2024,https://tvwan.com.pg/news/1986
Mape rice growers acknowledged,25/10/2024,https://tvwan.com.pg/news/1981
Lower Siane celebrates first bulb onion harvest,25/10/2024,https://tvwan.com.pg/news/1980
PNG Ports pays K27.5m dividend to KCH,25/10/2024,https://tvwan.com.pg/news/1973
BSP Drives Pacific SME Growth,24/10/2024,https://tvwan.com.pg/news/1962
K92 Mining showcases its expansion,23/10/2024,https://tvwan.com.pg/news/1943
Initial talks held for Oil Palm development in Madang,22/10/2024,https://tvwan.com.pg/news/1930
Stronger gold prices to benefit PNG,22/10/2024,https://tvwan.com.pg/news/1929
China trade excels as trade partner,20/10/2024,https://tvwan.com.pg/news/1903
BSP’s Off-Site Banking and EFTPOS services available at Morobe Show,19/10/2024,https://tvwan.com.pg/news/1898
BSP Life Backs PSPNG conference,19/10/2024,https://tvwan.com.pg/news/1896
Papua LNG FID in 2025,18/10/2024,https://tvwan.com.pg/news/1887
Surveyors acknowledged,18/10/2024,https://tvwan.com.pg/news/1882
Steamships break ground on Portside Business Park,18/10/2024,https://tvwan.com.pg/news/1879
Invest more in PNG: PM Marape,17/10/2024,https://tvwan.com.pg/news/1867
Ramu renews sponsorship,17/10/2024,https://tvwan.com.pg/news/1866
PEC 2024 Conference begins,17/10/2024,https://tvwan.com.pg/news/1863
Minister stresses on commitment and collaboration,17/10/2024,https://tvwan.com.pg/news/1862
PNG to participate in 6-month expo in Japan,17/10/2024,https://tvwan.com.pg/news/1861
KBK Mine boosts employee Communication Skills,16/10/2024,https://tvwan.com.pg/news/1849
Collaboration adds value to degree programs,15/10/2024,https://tvwan.com.pg/news/1847
Path paved for forestry students,15/10/2024,https://tvwan.com.pg/news/1846
A win for PNG’s food industry,15/10/2024,https://tvwan.com.pg/news/1843
ICCC to prosecute 11 shops,15/10/2024,https://tvwan.com.pg/news/1842
“Thirsty for Merch” launched,15/10/2024,https://tvwan.com.pg/news/1840
Lae firm backs surveyors’ congress,15/10/2024,https://tvwan.com.pg/news/1836
Farmer Represents PNG at World Food Day,15/10/2024,https://tvwan.com.pg/news/1829
Reaching the Unbanked with BSP’s Cash Agent Initiative,12/10/2024,https://tvwan.com.pg/news/1803
BSP Dobel Branch opens for business,12/10/2024,https://tvwan.com.pg/news/1802
Porgera operations suspended,12/10/2024,https://tvwan.com.pg/news/1801
Digicel PNG Celebrates Long Serving Staff,11/10/2024,https://tvwan.com.pg/news/1794
Porgera CDA initialed,11/10/2024,https://tvwan.com.pg/news/1792
Westpac launches new webinar,11/10/2024,https://tvwan.com.pg/news/1791
Women SMEs in Enga to benefit from training,10/10/2024,https://tvwan.com.pg/news/1780
Women encouraged to embrace economic challenges,10/10/2024,https://tvwan.com.pg/news/1773
Bronze medal for team Ramu NiCo,10/10/2024,https://tvwan.com.pg/news/1771
OTML marks 40 years of operation,10/10/2024,https://tvwan.com.pg/news/1768
Wau-Waria celebrates butchery graduates,09/10/2024,https://tvwan.com.pg/news/1759
Fostering long-term development,09/10/2024,https://tvwan.com.pg/news/1752
Dobel BSP Branch Gears Up for opening,09/10/2024,https://tvwan.com.pg/news/1747
Tisa unveils new logo,09/10/2024,https://tvwan.com.pg/news/1741
Fuel prices drop for October,08/10/2024,https://tvwan.com.pg/news/1732
Day old chicks on high demand,07/10/2024,https://tvwan.com.pg/news/1722
Lae’s largest expo applauded,07/10/2024,https://tvwan.com.pg/news/1718
Gov’t agencies ink deal to work together,06/10/2024,https://tvwan.com.pg/news/1711
Eliseo Group Opens 7th Shop in Port Moresby,05/10/2024,https://tvwan.com.pg/news/1700
IPA & NPC sign collaboration agreement,04/10/2024,https://tvwan.com.pg/news/1696
Working with cooperatives a priority,04/10/2024,https://tvwan.com.pg/news/1688
MSME study launched in Lae,04/10/2024,https://tvwan.com.pg/news/1686
MRDC partners World Coconut Day Event.,02/10/2024,https://tvwan.com.pg/news/1660
PM sets Wafi-Golpu deadline,02/10/2024,https://tvwan.com.pg/news/1656
Simbu Man’s Fish Farm Empowers Communities,02/10/2024,https://tvwan.com.pg/news/1654
Climate Smart Farming talks at Coconut event,02/10/2024,https://tvwan.com.pg/news/1653
Simbu launches key fisheries projects,01/10/2024,https://tvwan.com.pg/news/1651
Bougainville farmers encouraged to grow coffee,28/09/2024,https://tvwan.com.pg/news/1623
ABG announces support for local farmers,28/09/2024,https://tvwan.com.pg/news/1621
Air Niugini launches Kumul Club loyalty program,25/09/2024,https://tvwan.com.pg/news/1587
ICCC completes draft petroleum pricing review,25/09/2024,https://tvwan.com.pg/news/1584
Westpac gets clearance,23/09/2024,https://tvwan.com.pg/news/1555
Vanessa Potul’s Journey of Growth,21/09/2024,https://tvwan.com.pg/news/1521
ANZ alerts businesses to scams,20/09/2024,https://tvwan.com.pg/news/1518
200 Kids Savings Accounts opened in Kimbe,20/09/2024,https://tvwan.com.pg/news/1513
OTML secures compliance for Kiunga Port,18/09/2024,https://tvwan.com.pg/news/1486
Remington Group gets new CEO,18/09/2024,https://tvwan.com.pg/news/1478
Digicel announces significant mobile network expansion,17/09/2024,https://tvwan.com.pg/news/1474
Mulina is new People & Services Director,17/09/2024,https://tvwan.com.pg/news/1473
RD Team in Port Moresby for Final Negotiations,11/09/2024,https://tvwan.com.pg/news/1388
Agriculture commodity price remain strong,10/09/2024,https://tvwan.com.pg/news/1384
Seddon appointed Air Niugini CEO,10/09/2024,https://tvwan.com.pg/news/1383
Lae mourns loss of prominent figure,09/09/2024,https://tvwan.com.pg/news/1375
Govt delivers Wafi-Golpu position paper,09/09/2024,https://tvwan.com.pg/news/1371
AFD Advances Green Finance Initiative,08/09/2024,https://tvwan.com.pg/news/1358
Fuel price drop,07/09/2024,https://tvwan.com.pg/news/1348
Panel discussion brings great insight,05/09/2024,https://tvwan.com.pg/news/1311
New bike for rural Pomio officer,05/09/2024,https://tvwan.com.pg/news/1310
New discovery named after Solwara Warriors,04/09/2024,https://tvwan.com.pg/news/1301
Rabaul market to get cool storage facility,04/09/2024,https://tvwan.com.pg/news/1295
Unitech career fair applauded,03/09/2024,https://tvwan.com.pg/news/1285
Rabaul welcomes new District Procurement Committee,02/09/2024,https://tvwan.com.pg/news/1272
Nature Park Unveils New Café,30/08/2024,https://tvwan.com.pg/news/1245
Ok Tedi extends catering services contract,30/08/2024,https://tvwan.com.pg/news/1243
PPL & MiBank pilot cash collection initiative,28/08/2024,https://tvwan.com.pg/news/1228
Kina Bank Holds People Leaders Conference,28/08/2024,https://tvwan.com.pg/news/1225
FinCorp welcomes new directors,28/08/2024,https://tvwan.com.pg/news/1224
TIN deregistration clarified,26/08/2024,https://tvwan.com.pg/news/1200
PMIZ project preparations in final stage,24/08/2024,https://tvwan.com.pg/news/1171
Access to finance remains an obstacle for MSMEs.,23/08/2024,https://tvwan.com.pg/news/1164
Inspection needed in rural cocoa areas,22/08/2024,https://tvwan.com.pg/news/1150
PUMA PNG Leadership Change,22/08/2024,https://tvwan.com.pg/news/1148
Maru: Domestication Policy needed,21/08/2024,https://tvwan.com.pg/news/1127
Lae considers Black Soldier Fly technology,20/08/2024,https://tvwan.com.pg/news/1122
Indonesia Proposes High-Level Dialogue and Cooperation Committee,20/08/2024,https://tvwan.com.pg/news/1119
Enhancing vanilla in Milne Bay,20/08/2024,https://tvwan.com.pg/news/1118
Lessons from Indonesia's SEZs,20/08/2024,https://tvwan.com.pg/news/1117
Top Safety Performers,20/08/2024,https://tvwan.com.pg/news/1114
"75,000 SMEs needed annually to meet govt target",18/08/2024,https://tvwan.com.pg/news/1082
Minister Maru meets PMIZ landowners,17/08/2024,https://tvwan.com.pg/news/1075
American Companies Frustrated,16/08/2024,https://tvwan.com.pg/news/1069
Kina Bank Remembers Sir Soekandar,15/08/2024,https://tvwan.com.pg/news/1054
Mt Wilhelm welcomes new Betty’s Lodge,15/08/2024,https://tvwan.com.pg/news/1051
NFA Revises Beche-de-mer Plan,15/08/2024,https://tvwan.com.pg/news/1050
Rosso extends sympathies to Papindo family,15/08/2024,https://tvwan.com.pg/news/1037
OTML welcomes 26 apprentices,14/08/2024,https://tvwan.com.pg/news/1030
Lamana Hotel 30 Years of Excellence,14/08/2024,https://tvwan.com.pg/news/1029
Port Moresby Show set for November,14/08/2024,https://tvwan.com.pg/news/1028
2024 PNG Investment Week Launched,09/08/2024,https://tvwan.com.pg/news/980
PNG Ports’ stakeholders to improve port security,08/08/2024,https://tvwan.com.pg/news/959
Tisa Community Finance Becomes TISA Bank,08/08/2024,https://tvwan.com.pg/news/954
PNG CORE visits PNG LNG project operator,07/08/2024,https://tvwan.com.pg/news/951
Invest in food production,07/08/2024,https://tvwan.com.pg/news/948
Locals urged to drive PMIZ agenda,07/08/2024,https://tvwan.com.pg/news/947
"Geoscience, Exploration & Extraction Conference 2024 commences",07/08/2024,https://tvwan.com.pg/news/946
SABL project concerns raised,06/08/2024,https://tvwan.com.pg/news/932
Temporary trading halt on Credit Corporation (PNG),06/08/2024,https://tvwan.com.pg/news/930
Futagahu ventures into commercial farming,06/08/2024,https://tvwan.com.pg/news/929
Lae LOs venture into catering,05/08/2024,https://tvwan.com.pg/news/922
FPDA calls for partnership with provinces,05/08/2024,https://tvwan.com.pg/news/917
Cooperative societies launched in Kairuku,05/08/2024,https://tvwan.com.pg/news/914
LO firm acquires new assets,05/08/2024,https://tvwan.com.pg/news/913
New Coffee Export Complex,04/08/2024,https://tvwan.com.pg/news/905
BSP Supports Sepik River Crocodile & Arts Festival,03/08/2024,https://tvwan.com.pg/news/897
PM condemns killing of Chinese national,02/08/2024,https://tvwan.com.pg/news/890
New era for PNG coffee,02/08/2024,https://tvwan.com.pg/news/887
NEC approves two-phase development for PMIZ,01/08/2024,https://tvwan.com.pg/news/880
NFA clarifies PMIZ and ENBi,01/08/2024,https://tvwan.com.pg/news/879
PM Marape launches Teisti Bisket,31/07/2024,https://tvwan.com.pg/news/852
CICL to open K10mil office complex,31/07/2024,https://tvwan.com.pg/news/847
PM Commends Leadership in Fisheries,30/07/2024,https://tvwan.com.pg/news/826
Mul Baiyer women in SME empowered,27/07/2024,https://tvwan.com.pg/news/796
BSP phases out use of private sector cheques,26/07/2024,https://tvwan.com.pg/news/780
PM Marape commends New Porgera,26/07/2024,https://tvwan.com.pg/news/778
OTML presents 100 industrial guidebooks to Unitech,25/07/2024,https://tvwan.com.pg/news/775
Kina Bank to host weekend Loan Drive,25/07/2024,https://tvwan.com.pg/news/769
Porgera focused despite Mulitaka disaster,25/07/2024,https://tvwan.com.pg/news/764
Bunabun farmers encouraged to look into poultry,23/07/2024,https://tvwan.com.pg/news/732
Porgera mine reopening vital: Treasurer,23/07/2024,https://tvwan.com.pg/news/731
Air Niugini resumes Vanuatu flight,22/07/2024,https://tvwan.com.pg/news/724
FAO contributes to local communities,21/07/2024,https://tvwan.com.pg/news/717
B’ville Chocolate Fest on again,18/07/2024,https://tvwan.com.pg/news/687
Black soldier fly technology introduced,18/07/2024,https://tvwan.com.pg/news/686
Big benefits from insect technology,18/07/2024,https://tvwan.com.pg/news/685
Kerowagi DDA sign MOU with Mama Bank,18/07/2024,https://tvwan.com.pg/news/680
Wau-Waria supports local firm,18/07/2024,https://tvwan.com.pg/news/678
MoA signed for local skills development,17/07/2024,https://tvwan.com.pg/news/673
IRC Empowering Provincial Centres,17/07/2024,https://tvwan.com.pg/news/669
"Airfares increase a commercial suicide, says ICCC",17/07/2024,https://tvwan.com.pg/news/663
A new era for Madang cocoa farmers,16/07/2024,https://tvwan.com.pg/news/658
"K100,000 support for World Coconut Day",16/07/2024,https://tvwan.com.pg/news/651
Training conducted for ENB small businesses,16/07/2024,https://tvwan.com.pg/news/648
PM in Jakarta,15/07/2024,https://tvwan.com.pg/news/633
Support for rice research,15/07/2024,https://tvwan.com.pg/news/632
BSP supports National Mask & Warwagira Festival,12/07/2024,https://tvwan.com.pg/news/576
Graduates grateful for TPA's career support,11/07/2024,https://tvwan.com.pg/news/560
PNG cocoa farmers Impress,11/07/2024,https://tvwan.com.pg/news/559
Digicel PNG appoints new CEO,10/07/2024,https://tvwan.com.pg/news/540
Nasfund Celebrates Employers' Dedication to Superannuation Excellence,05/07/2024,https://tvwan.com.pg/news/480
Include PNG citizens in MVIL shares: Muthuvel,04/07/2024,https://tvwan.com.pg/news/466
"NCDC, Mama Bank partner to support youth",04/07/2024,https://tvwan.com.pg/news/461
System to enhance trade and investment,04/07/2024,https://tvwan.com.pg/news/460
IRC reveals GST-related fraud trends,03/07/2024,https://tvwan.com.pg/news/448
Internship program for unemployed Lae youth,03/07/2024,https://tvwan.com.pg/news/444
Partners to enhance superannuation awareness,01/07/2024,https://tvwan.com.pg/news/417
NID team to set up at resources week,01/07/2024,https://tvwan.com.pg/news/397
Panguna to headline resources session,01/07/2024,https://tvwan.com.pg/news/389
Extra seats released for PNG Resources Week,29/06/2024,https://tvwan.com.pg/news/382
TISA's new banking system goes live,29/06/2024,https://tvwan.com.pg/news/371
Landowners prep for CANCONEX,28/06/2024,https://tvwan.com.pg/news/354
ICCC agents for EHP,21/06/2024,https://tvwan.com.pg/news/284
FAO promotes farming as a family business,21/06/2024,https://tvwan.com.pg/news/278
Inaugural PNG Resources Week announced,21/06/2024,https://tvwan.com.pg/news/277
Sepik visit to strengthen STREIT program,10/06/2024,https://tvwan.com.pg/news/243
PNG’s economy predicted to grow,10/06/2024,https://tvwan.com.pg/news/240
Nasfund Announces 2023 Full Year Results,08/03/2024,https://tvwan.com.pg/news/184
Constantinou Group celebrate 50th Hiri Moale Festival as Gold Sponsor,08/03/2024,https://tvwan.com.pg/news/181
Goodman Fielder Calls for Commercial Corn Industry in PNG,08/03/2024,https://tvwan.com.pg/news/180
Digicel Pacific and MKA Celebrating Cultural Heritage,08/03/2024,https://tvwan.com.pg/news/178
PNG and Canada reestablish relations,08/03/2024,https://tvwan.com.pg/news/177
Maru Congratulates Muruk Tropical Produce Limited,08/03/2024,https://tvwan.com.pg/news/174
APEC Advances Cleaner Energy Transition,04/03/2024,https://tvwan.com.pg/news/159
PNG's first bridal shop unveiled,03/03/2024,https://tvwan.com.pg/news/155
Madang balsa project gaining momentum,01/03/2024,https://tvwan.com.pg/news/151
MRA to ramp up exploration,29/02/2024,https://tvwan.com.pg/news/149
Unitech students gain Industrial Training,29/02/2024,https://tvwan.com.pg/news/145
Minister Daki impressed with Japanese investors,29/02/2024,https://tvwan.com.pg/news/144
Major plans for NIP fisheries sector,29/02/2024,https://tvwan.com.pg/news/140
Maru raises fisheries concerns at WTO conference,29/02/2024,https://tvwan.com.pg/news/139
IRC and ICSA join forces to combat tax evasion,29/02/2024,https://tvwan.com.pg/news/134
Vanilla World Association to be established,28/02/2024,https://tvwan.com.pg/news/131
Specialized Environmentalist Training for MCC Staff,28/02/2024,https://tvwan.com.pg/news/128
BizPrint & Scan supports the 50th Hiri Moale Festival,28/02/2024,https://tvwan.com.pg/news/123
ICCC commences nationwide price inspection,27/02/2024,https://tvwan.com.pg/news/116
PNG maintains position on Fishing Subsidies,27/02/2024,https://tvwan.com.pg/news/105
Maru Heads Delegation to WTO 13th Ministerial Talks,27/02/2024,https://tvwan.com.pg/news/103
Sabumei is CEO of Namatanai Advancement Ltd,13/02/2024,https://tvwan.com.pg/news/87
Remington is Young Chambers Silver Sponsor,13/02/2024,https://tvwan.com.pg/news/72
US Funds PNG Economic Fellowship,13/02/2024,https://tvwan.com.pg/news/71
TISA support Women Entrepreneurs,13/02/2024,https://tvwan.com.pg/news/44
Socio-Economic Challenges Dampen Business Confidence,13/02/2024,https://tvwan.com.pg/news/41
BCL Exploration License Extended,06/02/2024,https://tvwan.com.pg/news/22
